taskone,tasktwo
брак точность зарплата,брак точность зарплата
волна высота усилитель,волна высота усилитель
воля боль мышца,воля боль мышца
градус запах медицина,градус запах медицина
грамота разговор пламя,грамота разговор пламя
золото деление шахматы,золото деление шахматы
жизнь масло яркость,жизнь масло яркость
измерение воздух режим,измерение воздух режим
история представитель строгость,история представитель строгость
камера фортуна запас,камера фортуна запас
канал речь поведение,канал речь поведение
карта война небо,карта война небо
кисть бедность шарф,кисть бедность шарф
клуб учет червь,клуб учет червь
душа транспорт друг,душа транспорт друг
корень решение ситуация,корень решение ситуация
край сестра язык,край сестра язык
культура критик документ,культура критик документ
лук часы указатель,лук часы указатель
мажор камень море,мажор камень море
машина красота тату,машина красота тату
плита яд педаль,плита яд педаль
поле ключ холодильник,поле ключ холодильник
полюс ночь эстрада,полюс ночь эстрада
пост агенство объявление,пост агенство объявление
праздник журнал дерево,праздник журнал дерево
предложение уровень характер,предложение уровень характер
программа дверь сейф,программа дверь сейф
пропуск столовая билет,пропуск столовая билет
равенство дорога судьба,равенство дорога судьба
труд рука экономика,труд рука экономика
ручка душ бритье,ручка душ бритье
свет календарь сторона,свет календарь сторона
совет иммунитет пенсия,совет иммунитет пенсия
толкание орех атом,толкание орех атом
точка анализатор острота,точка анализатор острота
ход хвост каштан,ход хвост каштан
цель трудность рождение,цель трудность рождение
центр пёс одежда,центр пёс одежда